statecode,COUNTY,area_sum
AK,Aleutians East Borough,32100
AK,Aleutians West Census Area,167000
AK,Anchorage Municipality,77585400
AK,Bethel Census Area,142300
AK,Bristol Bay Borough,71500
AK,Denali Borough,210500
AK,Dillingham Census Area,64500
AK,Fairbanks North Star Borough,12009000
AK,Haines Borough,152200
AK,Hoonah-Angoon Census Area,91100
AK,Juneau City and Borough,4304900
AK,Kenai Peninsula Borough,5764300
AK,Ketchikan Gateway Borough,1250100
AK,Kodiak Island Borough,818500
AK,Kusilvak Census Area,2600
AK,Lake and Peninsula Borough,26900
AK,Matanuska-Susitna Borough,7534100
AK,Nome Census Area,105600
AK,North Slope Borough,192700
AK,Northwest Arctic Borough,26700
AK,Petersburg Borough,183100
AK,Prince of Wales-Hyder Census Area,102700
AK,Sitka City and Borough,539800
AK,Skagway Municipality,45000
AK,Southeast Fairbanks Census Area,253600
AK,Valdez-Cordova Census Area,666300
AK,Wrangell City and Borough,100600
AK,Yakutat City and Borough,12500
AK,Yukon-Koyukuk Census Area,33200
AL,Autauga County,6993000
AL,Baldwin County,60335200
AL,Barbour County,6098300
AL,Bibb County,1386100
AL,Blount County,2821200
AL,Bullock County,553000
AL,Butler County,2858700
AL,Calhoun County,23999100
AL,Chambers County,6910000
AL,Cherokee County,1849000
AL,Chilton County,4498200
AL,Choctaw County,724700
AL,Clarke County,3170300
AL,Clay County,822400
AL,Cleburne County,1233800
AL,Coffee County,6324600
AL,Colbert County,19744700
AL,Conecuh County,1498200
AL,Coosa County,640600
AL,Covington County,3041800
AL,Crenshaw County,584900
AL,Cullman County,11197000
AL,Dale County,7106600
AL,Dallas County,8109500
AL,DeKalb County,8460700
AL,Elmore County,9698000
AL,Escambia County,5855600
AL,Etowah County,16678600
AL,Fayette County,1359000
AL,Franklin County,3587600
AL,Geneva County,1619400
AL,Greene County,365000
AL,Hale County,581100
AL,Henry County,1409000
AL,Houston County,25319700
AL,Jackson County,9525300
AL,Jefferson County,306737700
AL,Lamar County,1452900
AL,Lauderdale County,17405900
AL,Lawrence County,3017200
AL,Lee County,35985100
AL,Limestone County,20145400
AL,Lowndes County,562000
AL,Macon County,2299700
AL,Madison County,125767700
AL,Marengo County,2256200
AL,Marion County,4008400
AL,Marshall County,12747800
AL,Mobile County,133948900
AL,Monroe County,2852600
AL,Montgomery County,103586500
AL,Morgan County,33084300
AL,Perry County,523600
AL,Pickens County,579700
AL,Pike County,6500500
AL,Randolph County,2278800
AL,Russell County,13959700
AL,Shelby County,53304100
AL,St. Clair County,12359600
AL,Sumter County,1033800
AL,Talladega County,20007500
AL,Tallapoosa County,4620200
AL,Tuscaloosa County,61538800
AL,Walker County,7936800
AL,Washington County,2480400
AL,Wilcox County,2110800
AL,Winston County,2175600
AR,Arkansas County,2149600
AR,Ashley County,2121500
AR,Baxter County,6475500
AR,Benton County,87335900
AR,Boone County,5482700
AR,Bradley County,903300
AR,Calhoun County,599600
AR,Carroll County,4311700
AR,Chicot County,810600
AR,Clark County,2991300
AR,Clay County,1754700
AR,Cleburne County,2607700
AR,Cleveland County,161800
AR,Columbia County,2887400
AR,Conway County,1815800
AR,Craighead County,30458100
AR,Crawford County,6640800
AR,Crittenden County,14197400
AR,Cross County,1592800
AR,Dallas County,653800
AR,Desha County,1419400
AR,Drew County,2155200
AR,Faulkner County,32097800
AR,Franklin County,839900
AR,Fulton County,227000
AR,Garland County,28608700
AR,Grant County,1013000
AR,Greene County,6276200
AR,Hempstead County,3257400
AR,Hot Spring County,3284100
AR,Howard County,1372500
AR,Independence County,3830500
AR,Izard County,404800
AR,Jackson County,2290200
AR,Jefferson County,16842500
AR,Johnson County,4133500
AR,Lafayette County,665400
AR,Lawrence County,1002900
AR,Lee County,664200
AR,Lincoln County,298500
AR,Little River County,603400
AR,Logan County,2572100
AR,Lonoke County,10157900
AR,Madison County,502900
AR,Marion County,1020100
AR,Miller County,8422600
AR,Mississippi County,15940600
AR,Monroe County,701500
AR,Montgomery County,220200
AR,Nevada County,409900
AR,Newton County,129700
AR,Ouachita County,2735200
AR,Perry County,290600
AR,Phillips County,1507700
AR,Pike County,735600
AR,Poinsett County,3858800
AR,Polk County,1078800
AR,Pope County,10091300
AR,Prairie County,136900
AR,Pulaski County,218827400
AR,Randolph County,1156600
AR,Saline County,19899900
AR,Scott County,679700
AR,Searcy County,245200
AR,Sebastian County,48340900
AR,Sevier County,1098700
AR,Sharp County,780600
AR,St. Francis County,4272700
AR,Stone County,1069100
AR,Union County,5669300
AR,Van Buren County,888800
AR,Washington County,81750000
AR,White County,13732600
AR,Woodruff County,982800
AR,Yell County,1269700
AZ,Apache County,1579900
AZ,Cochise County,17250200
AZ,Coconino County,29928600
AZ,Gila County,5538800
AZ,Graham County,2355400
AZ,Greenlee County,345000
AZ,La Paz County,2401600
AZ,Maricopa County,1482770500
AZ,Mohave County,29641800
AZ,Navajo County,8634800
AZ,Pima County,260423800
AZ,Pinal County,46547600
AZ,Santa Cruz County,7966400
AZ,Yavapai County,30259100
AZ,Yuma County,24460600
CA,Alameda County,677273000
CA,Alpine County,227400
CA,Amador County,4229400
CA,Butte County,46593700
CA,Calaveras County,2972700
CA,Colusa County,2158100
CA,Contra Costa County,243492300
CA,Del Norte County,3695800
CA,El Dorado County,27220400
CA,Fresno County,270937700
CA,Glenn County,3341600
CA,Humboldt County,19998500
CA,Imperial County,26423600
CA,Inyo County,1411500
CA,Kern County,169134900
CA,Kings County,30990300
CA,Lake County,7438100
CA,Lassen County,2058400
CA,Los Angeles County,3450593400
CA,Madera County,26552600
CA,Marin County,60564600
CA,Mariposa County,1149300
CA,Mendocino County,10202200
CA,Merced County,45330800
CA,Modoc County,567900
CA,Mono County,1762700
CA,Monterey County,88210500
CA,Napa County,60212100
CA,Nevada County,12799200
CA,Orange County,1067185000
CA,Placer County,103886700
CA,Plumas County,1922500
CA,Riverside County,650658800
CA,Sacramento County,477356800
CA,San Benito County,10276900
CA,San Bernardino County,788107500
CA,San Diego County,1068555300
CA,San Francisco County,515649500
CA,San Joaquin County,240024100
CA,San Luis Obispo County,62493300
CA,San Mateo County,283472800
CA,Santa Barbara County,98238100
CA,Santa Clara County,784625400
CA,Santa Cruz County,51712400
CA,Shasta County,31426300
CA,Sierra County,255300
CA,Siskiyou County,4548000
CA,Solano County,126427200
CA,Sonoma County,142427700
CA,Stanislaus County,140569800
CA,Sutter County,17127600
CA,Tehama County,7445900
CA,Trinity County,601500
CA,Tulare County,95715700
CA,Tuolumne County,6029200
CA,Ventura County,212155100
CA,Yolo County,85839300
CA,Yuba County,12308200
CO,Adams County,188153900
CO,Alamosa County,2106600
CO,Arapahoe County,208287900
CO,Archuleta County,1087700
CO,Baca County,130200
CO,Bent County,1208800
CO,Boulder County,110933600
CO,Broomfield County,33192800
CO,Chaffee County,2373000
CO,Cheyenne County,43500
CO,Clear Creek County,1167600
CO,Conejos County,261300
CO,Costilla County,103400
CO,Crowley County,316000
CO,Custer County,327600
CO,Delta County,2925900
CO,Denver County,443644600
CO,Dolores County,57500
CO,Douglas County,77114400
CO,Eagle County,12572200
CO,El Paso County,214692500
CO,Elbert County,972500
CO,Fremont County,6632100
CO,Garfield County,7492900
CO,Gilpin County,3017100
CO,Grand County,2498500
CO,Gunnison County,2632900
CO,Hinsdale County,98600
CO,Huerfano County,864300
CO,Jackson County,84900
CO,Jefferson County,162825300
CO,Kiowa County,43600
CO,Kit Carson County,907200
CO,La Plata County,7617500
CO,Lake County,1051000
CO,Larimer County,104043100
CO,Las Animas County,1952500
CO,Lincoln County,666900
CO,Logan County,2594300
CO,Mesa County,25457000
CO,Mineral County,56600
CO,Moffat County,1552000
CO,Montezuma County,3167800
CO,Montrose County,6165200
CO,Morgan County,2961300
CO,Otero County,2502000
CO,Ouray County,484900
CO,Park County,738000
CO,Phillips County,103500
CO,Pitkin County,4295300
CO,Prowers County,1189600
CO,Pueblo County,42282800
CO,Rio Blanco County,558600
CO,Rio Grande County,1373900
CO,Routt County,3933500
CO,Saguache County,246600
CO,San Juan County,170400
CO,San Miguel County,943800
CO,Sedgwick County,179700
CO,Summit County,7319100
CO,Teller County,3268200
CO,Washington County,114000
CO,Weld County,69606700
CO,Yuma County,511300
CT,Fairfield County,269196600
CT,Hartford County,367500800
CT,Litchfield County,40938400
CT,Middlesex County,36977300
CT,New Haven County,249006400
CT,New London County,80450300
CT,Tolland County,24253300
CT,Windham County,25548900
DC,District of Columbia,522939500
DE,Kent County,42772600
DE,New Castle County,199438900
DE,Sussex County,31995700
FL,Alachua County,104183200
FL,Baker County,3637400
FL,Bay County,71821500
FL,Bradford County,2495600
FL,Brevard County,143709200
FL,Broward County,726925500
FL,Calhoun County,737200
FL,Charlotte County,35751100
FL,Citrus County,29288000
FL,Clay County,31373400
FL,Collier County,101981000
FL,Columbia County,16517000
FL,DeSoto County,7783100
FL,Dixie County,1118400
FL,Duval County,480964900
FL,Escambia County,99489600
FL,Flagler County,18014200
FL,Franklin County,1408900
FL,Gadsden County,11145000
FL,Gilchrist County,929300
FL,Glades County,1580000
FL,Gulf County,1920100
FL,Hamilton County,917500
FL,Hardee County,2377600
FL,Hendry County,6214900
FL,Hernando County,24470400
FL,Highlands County,22282500
FL,Hillsborough County,516682600
FL,Holmes County,544800
FL,Indian River County,29166400
FL,Jackson County,6891000
FL,Jefferson County,2247600
FL,Lafayette County,391000
FL,Lake County,72383400
FL,Lee County,204568400
FL,Leon County,131643400
FL,Levy County,3996000
FL,Liberty County,1169000
FL,Madison County,3868300
FL,Manatee County,126410800
FL,Marion County,77400800
FL,Martin County,40408500
FL,Miami-Dade County,1277845400
FL,Monroe County,18540900
FL,Nassau County,23375800
FL,Okaloosa County,47728600
FL,Okeechobee County,4880900
FL,Orange County,629168200
FL,Osceola County,89350300
FL,Palm Beach County,439456400
FL,Pasco County,94869300
FL,Pinellas County,325427000
FL,Polk County,186253900
FL,Putnam County,11542700
FL,Santa Rosa County,21326700
FL,Sarasota County,132726900
FL,Seminole County,151941600
FL,St Lucie County,1100
FL,St. Johns County,50174500
FL,St. Lucie County,62380200
FL,Sumter County,14067500
FL,Suwannee County,4529600
FL,Taylor County,2441600
FL,Union County,790600
FL,Volusia County,149866700
FL,Wakulla County,3032700
FL,Walton County,13291400
FL,Washington County,1594700
GA,Appling County,1147400
GA,Atkinson County,930600
GA,Bacon County,1452400
GA,Baker County,145200
GA,Baldwin County,10295700
GA,Banks County,2387500
GA,Barrow County,16244800
GA,Bartow County,41578900
GA,Ben Hill County,3732100
GA,Berrien County,3109500
GA,Bibb County,68065400
GA,Bleckley County,1192800
GA,Brantley County,244600
GA,Brooks County,1201100
GA,Bryan County,5973700
GA,Bulloch County,20615100
GA,Burke County,3408100
GA,Butts County,8888600
GA,Calhoun County,202900
GA,Camden County,10259900
GA,Candler County,708900
GA,Carroll County,24795300
GA,Catoosa County,11538700
GA,Charlton County,773600
GA,Chatham County,173521400
GA,Chattahoochee County,339300
GA,Chattooga County,1702300
GA,Cherokee County,52968100
GA,Clarke County,47569200
GA,Clay County,223900
GA,Clayton County,121304000
GA,Clinch County,968400
GA,Cobb County,286383800
GA,Coffee County,5086300
GA,Colquitt County,6808600
GA,Columbia County,23551500
GA,Cook County,4480100
GA,Coweta County,48814300
GA,Crawford County,353200
GA,Crisp County,4594300
GA,Dade County,1877700
GA,Dawson County,5315200
GA,DeKalb County,313390600
GA,Decatur County,4349600
GA,Dodge County,1916900
GA,Dooly County,1299500
GA,Dougherty County,28680600
GA,Douglas County,60817100
GA,Early County,629800
GA,Echols County,179700
GA,Effingham County,11927800
GA,Elbert County,2495500
GA,Emanuel County,2011300
GA,Evans County,907900
GA,Fannin County,2530700
GA,Fayette County,33666100
GA,Floyd County,22097400
GA,Forsyth County,55185300
GA,Franklin County,4029400
GA,Fulton County,830581600
GA,Gilmer County,3168500
GA,Glascock County,91300
GA,Glynn County,25098000
GA,Gordon County,19281800
GA,Grady County,2342300
GA,Greene County,3127800
GA,Gwinnett County,335805400
GA,Habersham County,6387400
GA,Hall County,65225500
GA,Hancock County,274400
GA,Haralson County,3611400
GA,Harris County,2406600
GA,Hart County,3850200
GA,Heard County,459400
GA,Henry County,99447300
GA,Houston County,29133500
GA,Irwin County,406200
GA,Jackson County,53261100
GA,Jasper County,438600
GA,Jeff Davis County,1621400
GA,Jefferson County,1979900
GA,Jenkins County,1277900
GA,Johnson County,767300
GA,Jones County,2410000
GA,Lamar County,2883600
GA,Lanier County,442100
GA,Laurens County,11719600
GA,Lee County,2393900
GA,Liberty County,19015700
GA,Lincoln County,534900
GA,Long County,405100
GA,Lowndes County,33927900
GA,Lumpkin County,3907900
GA,Macon County,1612800
GA,Madison County,1183000
GA,Marion County,777100
GA,McDuffie County,4105800
GA,McIntosh County,1279300
GA,Meriwether County,2651000
GA,Miller County,200000
GA,Mitchell County,1677900
GA,Monroe County,4852000
GA,Montgomery County,409200
GA,Morgan County,3029200
GA,Murray County,5093000
GA,Muscogee County,82005400
GA,Newton County,23706600
GA,Oconee County,5617400
GA,Oglethorpe County,372800
GA,Paulding County,15116000
GA,Peach County,5508000
GA,Pickens County,4918600
GA,Pierce County,523900
GA,Pike County,903200
GA,Polk County,5879800
GA,Pulaski County,1238200
GA,Putnam County,2973200
GA,Quitman County,224100
GA,Rabun County,3396700
GA,Randolph County,438300
GA,Richmond County,89255400
GA,Rockdale County,33450600
GA,Schley County,505600
GA,Screven County,1288200
GA,Seminole County,686300
GA,Spalding County,15431400
GA,Stephens County,7602500
GA,Stewart County,709900
GA,Sumter County,5007800
GA,Talbot County,148300
GA,Taliaferro County,40300
GA,Tattnall County,1233700
GA,Taylor County,434900
GA,Telfair County,2049300
GA,Terrell County,422100
GA,Thomas County,17257100
GA,Tift County,10228800
GA,Toombs County,6013200
GA,Towns County,1468500
GA,Treutlen County,315000
GA,Troup County,21004300
GA,Turner County,3728800
GA,Twiggs County,2002700
GA,Union County,2438600
GA,Upson County,6666600
GA,Walker County,10460200
GA,Walton County,20102200
GA,Ware County,6193400
GA,Warren County,556700
GA,Washington County,1499900
GA,Wayne County,4004300
GA,Webster County,42200
GA,Wheeler County,481600
GA,White County,5565700
GA,Whitfield County,26442700
GA,Wilcox County,154300
GA,Wilkes County,1751500
GA,Wilkinson County,909500
GA,Worth County,1509900
HI,Hawaii County,33034900
HI,Honolulu County,307892800
HI,Kauai County,13646200
HI,Maui County,38633000
IA,Adair County,415500
IA,Adams County,314400
IA,Allamakee County,652400
IA,Appanoose County,1662800
IA,Audubon County,156500
IA,Benton County,1360500
IA,Black Hawk County,33606600
IA,Boone County,3912800
IA,Bremer County,2244300
IA,Buchanan County,1243400
IA,Buena Vista County,2121100
IA,Butler County,498100
IA,Calhoun County,499600
IA,Carroll County,2661700
IA,Cass County,1363400
IA,Cedar County,3140900
IA,Cerro Gordo County,10614100
IA,Cherokee County,1725900
IA,Chickasaw County,1205900
IA,Clarke County,1301300
IA,Clay County,3834100
IA,Clayton County,1105100
IA,Clinton County,9436900
IA,Crawford County,1384400
IA,Dallas County,28701900
IA,Davis County,363900
IA,Decatur County,762200
IA,Delaware County,1268700
IA,Des Moines County,10335800
IA,Dickinson County,2888100
IA,Dubuque County,22337800
IA,Emmet County,986000
IA,Fayette County,2120300
IA,Floyd County,1961200
IA,Franklin County,1168100
IA,Fremont County,1101200
IA,Greene County,490100
IA,Grundy County,874800
IA,Guthrie County,1256300
IA,Hamilton County,1959300
IA,Hancock County,1138100
IA,Hardin County,1564100
IA,Harrison County,814300
IA,Henry County,5304400
IA,Howard County,691500
IA,Humboldt County,575100
IA,Ida County,191500
IA,Iowa County,3295300
IA,Jackson County,2255500
IA,Jasper County,8631800
IA,Jefferson County,2120200
IA,Johnson County,37805200
IA,Jones County,1442100
IA,Keokuk County,611300
IA,Kossuth County,1809500
IA,Lee County,6593400
IA,Linn County,78589000
IA,Louisa County,449500
IA,Lucas County,1125900
IA,Lyon County,333200
IA,Madison County,1142500
IA,Mahaska County,1883300
IA,Marion County,5199800
IA,Marshall County,6724700
IA,Mills County,1319900
IA,Mitchell County,396100
IA,Monona County,579500
IA,Monroe County,377800
IA,Montgomery County,2267500
IA,Muscatine County,8509800
IA,O'Brien County,749100
IA,Osceola County,581500
IA,Page County,1350800
IA,Palo Alto County,610900
IA,Plymouth County,2191900
IA,Pocahontas County,162100
IA,Polk County,235544700
IA,Pottawattamie County,34039900
IA,Poweshiek County,3943500
IA,Ringgold County,105400
IA,Sac County,275200
IA,Scott County,59704100
IA,Shelby County,685100
IA,Sioux County,2871300
IA,Story County,38307200
IA,Tama County,1128200
IA,Taylor County,537900
IA,Union County,1759400
IA,Van Buren County,93600
IA,Wapello County,4276800
IA,Warren County,5542000
IA,Washington County,1701300
IA,Wayne County,634200
IA,Webster County,6940600
IA,Winnebago County,810100
IA,Winneshiek County,1261600
IA,Woodbury County,26033900
IA,Worth County,577300
IA,Wright County,1564400
ID,Ada County,148005300
ID,Adams County,332300
ID,Bannock County,14904800
ID,Bear Lake County,390100
ID,Benewah County,681900
ID,Bingham County,2391200
ID,Blaine County,2940300
ID,Boise County,668400
ID,Bonner County,7674100
ID,Bonneville County,23215000
ID,Boundary County,1054200
ID,Butte County,83700
ID,Camas County,41800
ID,Canyon County,47818200
ID,Caribou County,617100
ID,Cassia County,5285400
ID,Clark County,170100
ID,Clearwater County,310200
ID,Custer County,156500
ID,Elmore County,5363700
ID,Franklin County,417500
ID,Fremont County,514700
ID,Gem County,2640300
ID,Gooding County,1706900
ID,Idaho County,697900
ID,Jefferson County,780300
ID,Jerome County,4773700
ID,Kootenai County,40816100
ID,Latah County,4145200
ID,Lemhi County,617000
ID,Lewis County,181700
ID,Lincoln County,514200
ID,Madison County,9601600
ID,Minidoka County,4789800
ID,Nez Perce County,7648400
ID,Oneida County,132700
ID,Owyhee County,834500
ID,Payette County,4949100
ID,Power County,1296900
ID,Shoshone County,2034600
ID,Teton County,724400
ID,Twin Falls County,25393200
ID,Valley County,2376800
ID,Washington County,1827800
IL,Adams County,13015900
IL,Alexander County,151100
IL,Bond County,1272200
IL,Boone County,9083900
IL,Brown County,48500
IL,Bureau County,4371300
IL,Calhoun County,41400
IL,Carroll County,1895700
IL,Cass County,671600
IL,Champaign County,66449200
IL,Christian County,3509100
IL,Clark County,774100
IL,Clay County,1617300
IL,Clinton County,3289400
IL,Coles County,8134800
IL,Cook County,2147458100
IL,Crawford County,1237300
IL,Cumberland County,185100
IL,De Witt County,1537400
IL,DeKalb County,34466100
IL,Douglas County,2151200
IL,DuPage County,439071300
IL,Edgar County,2050100
IL,Edwards County,733800
IL,Effingham County,9596300
IL,Fayette County,3024100
IL,Ford County,1424900
IL,Franklin County,2896600
IL,Fulton County,1991500
IL,Gallatin County,74800
IL,Greene County,296100
IL,Grundy County,29552700
IL,Hamilton County,234500
IL,Hancock County,790500
IL,Hardin County,45600
IL,Henderson County,30700
IL,Henry County,3895800
IL,Iroquois County,1803800
IL,Jackson County,12554000
IL,Jasper County,375700
IL,Jefferson County,6027900
IL,Jersey County,1365000
IL,Jo Daviess County,3060300
IL,Johnson County,280100
IL,Kane County,180225500
IL,Kankakee County,26741600
IL,Kendall County,25134500
IL,Knox County,10529400
IL,LaSalle County,26506200
IL,Lake County,232601100
IL,Lawrence County,387200
IL,Lee County,6624600
IL,Livingston County,3779700
IL,Logan County,3562400
IL,Macon County,31408900
IL,Macoupin County,2560900
IL,Madison County,80316300
IL,Marion County,4424100
IL,Marshall County,1060100
IL,Mason County,2274000
IL,Massac County,1548100
IL,McDonough County,3957100
IL,McHenry County,71953000
IL,McLean County,48542100
IL,Menard County,367200
IL,Mercer County,658200
IL,Monroe County,4145000
IL,Montgomery County,3767300
IL,Morgan County,4715100
IL,Moultrie County,666100
IL,Ogle County,13367100
IL,Peoria County,63321400
IL,Perry County,1672400
IL,Piatt County,734800
IL,Pike County,664400
IL,Pope County,20100
IL,Pulaski County,226000
IL,Putnam County,1361500
IL,Randolph County,2841500
IL,Richland County,1335400
IL,Rock Island County,45452100
IL,Saline County,1799400
IL,Sangamon County,45995800
IL,Schuyler County,119900
IL,Scott County,155200
IL,Shelby County,1917900
IL,St. Clair County,49951800
IL,Stark County,150000
IL,Stephenson County,8951700
IL,Tazewell County,27638700
IL,Union County,949100
IL,Vermilion County,12946300
IL,Wabash County,804000
IL,Warren County,1446900
IL,Washington County,1089500
IL,Wayne County,1957500
IL,White County,830700
IL,Whiteside County,7672300
IL,Will County,304288400
IL,Williamson County,8692600
IL,Winnebago County,87332500
IL,Woodford County,2600100
IN,Adams County,5107700
IN,Allen County,161250600
IN,Bartholomew County,21213700
IN,Benton County,625300
IN,Blackford County,4326700
IN,Boone County,46271400
IN,Brown County,1074200
IN,Carroll County,2171400
IN,Cass County,5364000
IN,Clark County,66143300
IN,Clay County,1697700
IN,Clinton County,5602800
IN,Crawford County,285200
IN,Daviess County,2312600
IN,DeKalb County,13955300
IN,Dearborn County,7278400
IN,Decatur County,3979400
IN,Delaware County,32916100
IN,Dubois County,7331700
IN,Elkhart County,112073200
IN,Fayette County,5006900
IN,Floyd County,23500200
IN,Fountain County,840100
IN,Franklin County,1689300
IN,Fulton County,2008400
IN,Gibson County,7628300
IN,Grant County,18091900
IN,Greene County,2076300
IN,Hamilton County,106921600
IN,Hancock County,21394400
IN,Harrison County,7618900
IN,Hendricks County,91826500
IN,Henry County,7928700
IN,Howard County,24459400
IN,Huntington County,7632600
IN,Jackson County,9533400
IN,Jasper County,5347400
IN,Jay County,3319100
IN,Jefferson County,4601200
IN,Jennings County,4031600
IN,Johnson County,52200400
IN,Knox County,4333900
IN,Kosciusko County,18478400
IN,LaGrange County,4972200
IN,LaPorte County,29321200
IN,Lake County,134604700
IN,Lawrence County,4927400
IN,Madison County,31308800
IN,Marion County,533150600
IN,Marshall County,11436600
IN,Martin County,955500
IN,Miami County,6579700
IN,Monroe County,43041600
IN,Montgomery County,8698900
IN,Morgan County,11671900
IN,Newton County,1886800
IN,Noble County,12682100
IN,Ohio County,314800
IN,Orange County,3952800
IN,Owen County,1232400
IN,Parke County,608600
IN,Perry County,2653800
IN,Pike County,382500
IN,Porter County,46192000
IN,Posey County,4024700
IN,Pulaski County,4074100
IN,Putnam County,4823100
IN,Randolph County,2937000
IN,Ripley County,3910600
IN,Rush County,1529100
IN,Scott County,3649100
IN,Shelby County,13087300
IN,Spencer County,3645900
IN,St. Joseph County,110340700
IN,Starke County,2455500
IN,Steuben County,10720400
IN,Sullivan County,915300
IN,Switzerland County,613100
IN,Tippecanoe County,55330000
IN,Tipton County,2519100
IN,Union County,561300
IN,Vanderburgh County,77542700
IN,Vermillion County,1760800
IN,Vigo County,26448500
IN,Wabash County,8325300
IN,Warren County,421600
IN,Warrick County,9004700
IN,Washington County,2294300
IN,Wayne County,17164300
IN,Wells County,7094000
IN,White County,3514700
IN,Whitley County,9626200
KS,Allen County,1942500
KS,Anderson County,496400
KS,Atchison County,5811800
KS,Barber County,246000
KS,Barton County,3374300
KS,Bourbon County,2032400
KS,Brown County,943100
KS,Butler County,7134000
KS,Chase County,68800
KS,Chautauqua County,196600
KS,Cherokee County,1888300
KS,Cheyenne County,79200
KS,Clark County,39400
KS,Clay County,320300
KS,Cloud County,852800
KS,Coffey County,463600
KS,Comanche County,49000
KS,Cowley County,5797300
KS,Crawford County,5846000
KS,Decatur County,68400
KS,Dickinson County,1811700
KS,Doniphan County,1451000
KS,Douglas County,39878600
KS,Edwards County,57400
KS,Elk County,49400
KS,Ellis County,7356700
KS,Ellsworth County,408500
KS,Finney County,7858500
KS,Ford County,5462100
KS,Franklin County,5815300
KS,Geary County,12815500
KS,Gove County,123000
KS,Graham County,78500
KS,Grant County,317900
KS,Gray County,139700
KS,Greeley County,11900
KS,Greenwood County,248400
KS,Hamilton County,102700
KS,Harper County,508900
KS,Harvey County,7256400
KS,Haskell County,36900
KS,Hodgeman County,23600
KS,Jackson County,443700
KS,Jefferson County,554200
KS,Jewell County,89800
KS,Johnson County,292391000
KS,Kearny County,72000
KS,Kingman County,624100
KS,Kiowa County,371900
KS,Labette County,2776200
KS,Lane County,64800
KS,Leavenworth County,11086000
KS,Lincoln County,114600
KS,Linn County,564000
KS,Logan County,173800
KS,Lyon County,7297100
KS,Marion County,655000
KS,Marshall County,682200
KS,McPherson County,3656600
KS,Meade County,145200
KS,Miami County,3234900
KS,Mitchell County,620400
KS,Montgomery County,6575000
KS,Morris County,217200
KS,Morton County,45600
KS,Nemaha County,606600
KS,Neosho County,2701000
KS,Ness County,107500
KS,Norton County,188200
KS,Osage County,824800
KS,Osborne County,157800
KS,Ottawa County,103800
KS,Pawnee County,238100
KS,Phillips County,211600
KS,Pottawatomie County,3051200
KS,Pratt County,1230100
KS,Rawlins County,162000
KS,Reno County,11199900
KS,Republic County,348200
KS,Rice County,775700
KS,Riley County,12211900
KS,Rooks County,265300
KS,Rush County,136100
KS,Russell County,342100
KS,Saline County,13926400
KS,Scott County,313500
KS,Sedgwick County,195287200
KS,Seward County,3702300
KS,Shawnee County,68961300
KS,Sheridan County,28800
KS,Sherman County,964000
KS,Smith County,341600
KS,Stafford County,149900
KS,Stanton County,50000
KS,Stevens County,182200
KS,Sumner County,2162600
KS,Thomas County,1386400
KS,Trego County,842000
KS,Wabaunsee County,209900
KS,Wallace County,106400
KS,Washington County,187700
KS,Wichita County,52300
KS,Wilson County,604300
KS,Woodson County,189600
KS,Wyandotte County,85667200
KY,Adair County,1003400
KY,Allen County,2339000
KY,Anderson County,2503800
KY,Ballard County,722400
KY,Barren County,6565800
KY,Bath County,408400
KY,Bell County,1909800
KY,Boone County,93610000
KY,Bourbon County,3867200
KY,Boyd County,22615300
KY,Boyle County,11428100
KY,Bracken County,561200
KY,Breathitt County,496200
KY,Breckinridge County,646400
KY,Bullitt County,32470100
KY,Butler County,783300
KY,Caldwell County,2223600
KY,Calloway County,5306200
KY,Campbell County,31696500
KY,Carlisle County,135900
KY,Carroll County,2252900
KY,Carter County,2907100
KY,Casey County,347100
KY,Christian County,13488000
KY,Clark County,7554600
KY,Clay County,506000
KY,Clinton County,423400
KY,Crittenden County,295800
KY,Cumberland County,428200
KY,Daviess County,18730200
KY,Edmonson County,326600
KY,Elliott County,210100
KY,Estill County,593600
KY,Fayette County,136995800
KY,Fleming County,396700
KY,Floyd County,1896400
KY,Franklin County,12797400
KY,Fulton County,1581400
KY,Gallatin County,1297000
KY,Garrard County,329800
KY,Grant County,3272500
KY,Graves County,4425700
KY,Grayson County,2121300
KY,Green County,648000
KY,Greenup County,5992000
KY,Hancock County,4676900
KY,Hardin County,28007700
KY,Harlan County,1251100
KY,Harrison County,1643100
KY,Hart County,2422800
KY,Henderson County,7906500
KY,Henry County,1105200
KY,Hickman County,195200
KY,Hopkins County,5190900
KY,Jackson County,410500
KY,Jefferson County,426348200
KY,Jessamine County,10442800
KY,Johnson County,2270600
KY,Kenton County,58532900
KY,Knott County,242300
KY,Knox County,2203400
KY,Larue County,869800
KY,Laurel County,7225800
KY,Lawrence County,715200
KY,Lee County,565600
KY,Leslie County,150900
KY,Letcher County,939800
KY,Lewis County,3065200
KY,Lincoln County,936300
KY,Livingston County,295500
KY,Logan County,5040000
KY,Lyon County,1181100
KY,Madison County,14869800
KY,Magoffin County,439000
KY,Marion County,2427400
KY,Marshall County,1396800
KY,Martin County,243100
KY,Mason County,4155600
KY,McCracken County,15492800
KY,McCreary County,894900
KY,McLean County,298000
KY,Meade County,2628600
KY,Menifee County,145400
KY,Mercer County,3957900
KY,Metcalfe County,1266100
KY,Monroe County,892700
KY,Montgomery County,4829600
KY,Morgan County,338000
KY,Muhlenberg County,1856000
KY,Nelson County,7707000
KY,Nicholas County,349500
KY,Ohio County,1384000
KY,Oldham County,8856700
KY,Owen County,517800
KY,Owsley County,47300
KY,Pendleton County,728700
KY,Perry County,3207300
KY,Pike County,4355800
KY,Powell County,709100
KY,Pulaski County,7123800
KY,Robertson County,4600
KY,Rockcastle County,711000
KY,Rowan County,3402400
KY,Russell County,1174000
KY,Scott County,18751300
KY,Shelby County,15312400
KY,Simpson County,6274500
KY,Spencer County,1280000
KY,Taylor County,7799400
KY,Todd County,752700
KY,Trigg County,1086100
KY,Trimble County,199400
KY,Union County,777900
KY,Warren County,37989700
KY,Washington County,1474700
KY,Wayne County,1872200
KY,Webster County,519900
KY,Whitley County,1778800
KY,Wolfe County,272100
KY,Woodford County,5761400
LA,Acadia Parish,3358200
LA,Allen Parish,2067500
LA,Ascension Parish,15343900
LA,Assumption Parish,787500
LA,Avoyelles Parish,2857900
LA,Beauregard Parish,2798200
LA,Bienville Parish,1286600
LA,Bossier Parish,35604300
LA,Caddo County,2272100
LA,Caddo Parish,85401200
LA,Calcasieu Parish,36905300
LA,Caldwell Parish,300700
LA,Cameron Parish,574900
LA,Catahoula Parish,280500
LA,Claiborne Parish,907700
LA,Concordia Parish,2073000
LA,De Soto Parish,2905700
LA,East Baton Rouge Parish,151037300
LA,East Carroll Parish,423400
LA,East Feliciana Parish,706500
LA,Evangeline Parish,2489500
LA,Franklin Parish,1025400
LA,Grant Parish,197600
LA,Iberia Parish,11005300
LA,Iberville Parish,3824200
LA,Jackson Parish,1183400
LA,Jefferson Davis Parish,2797500
LA,Jefferson Parish,148726700
LA,LaSalle Parish,1078300
LA,Lafayette Parish,64495600
LA,Lafourche Parish,7143400
LA,Lincoln Parish,7271100
LA,Livingston Parish,10332200
LA,Madison Parish,689500
LA,Morehouse Parish,2047300
LA,Natchitoches Parish,5127500
LA,Orleans County,3500
LA,Orleans Parish,172976700
LA,Ouachita Parish,32171400
LA,Plaquemines Parish,3596200
LA,Pointe Coupee Parish,1048500
LA,Rapides Parish,22211100
LA,Red River Parish,340900
LA,Richland Parish,1317300
LA,Sabine Parish,1569300
LA,St. Bernard Parish,6267400
LA,St. Charles Parish,8101300
LA,St. Helena Parish,185400
LA,St. James Parish,1171600
LA,St. John the Baptist Parish,5117100
LA,St. Landry Parish,7685200
LA,St. Martin Parish,4809700
LA,St. Mary Parish,4640100
LA,St. Tammany Parish,45772200
LA,Tangipahoa Parish,19456500
LA,Tensas Parish,235100
LA,Terrebonne Parish,17048300
LA,Union Parish,2417200
LA,Vermilion Parish,3714800
LA,Vernon Parish,9063500
LA,Washington Parish,3650800
LA,Webster Parish,4272600
LA,West Baton Rouge Parish,8967100
LA,West Carroll Parish,855800
LA,West Feliciana Parish,657400
LA,Winn Parish,2227400
MA,Barnstable County,38811600
MA,Berkshire County,45952900
MA,Bristol County,171237700
MA,Dukes County,739500
MA,Essex County,201259700
MA,Franklin County,16394700
MA,Hampden County,137324100
MA,Hampshire County,31202600
MA,Middlesex County,543467800
MA,Nantucket County,1204500
MA,Norfolk County,229005800
MA,Plymouth County,101449100
MA,Suffolk County,437536300
MA,Worcester County,233077500
MD,Allegany County,12187200
MD,Anne Arundel County,157644900
MD,Baltimore County,292226400
MD,Baltimore city,289339400
MD,Calvert County,8306800
MD,Caroline County,5572100
MD,Carroll County,30668800
MD,Cecil County,33662000
MD,Charles County,25757300
MD,Dorchester County,6577600
MD,Frederick County,69223900
MD,Garrett County,3027400
MD,Harford County,72448900
MD,Howard County,118072700
MD,Kent County,3437100
MD,Montgomery County,330537400
MD,Prince George's County,287281000
MD,Queen Anne's County,6720400
MD,Somerset County,2705200
MD,St. Mary's County,18570500
MD,Talbot County,7135200
MD,Washington County,67341300
MD,Wicomico County,25111900
MD,Worcester County,12095600
ME,Androscoggin County,32258900
ME,Aroostook County,6802500
ME,Cumberland County,96589000
ME,Franklin County,3881500
ME,Hancock County,5882200
ME,Kennebec County,28901400
ME,Knox County,5887900
ME,Lincoln County,3904600
ME,Oxford County,7133200
ME,Penobscot County,24670800
ME,Piscataquis County,898100
ME,Sagadahoc County,5593700
ME,Somerset County,5830900
ME,Waldo County,4778400
ME,Washington County,2127200
ME,York County,40825600
MI,Alcona County,559000
MI,Alger County,1179400
MI,Allegan County,30039500
MI,Alpena County,4453600
MI,Antrim County,1395400
MI,Arenac County,1083400
MI,Baraga County,411300
MI,Barry County,3781700
MI,Bay County,17137800
MI,Benzie County,1690700
MI,Berrien County,38700700
MI,Branch County,7610800
MI,Calhoun County,47937000
MI,Cass County,6580900
MI,Charlevoix County,2973300
MI,Cheboygan County,3951000
MI,Chippewa County,4931800
MI,Clare County,2499100
MI,Clinton County,18655300
MI,Crawford County,1601300
MI,Delta County,4882500
MI,Dickinson County,5702500
MI,Eaton County,46517000
MI,Emmet County,6308900
MI,Genesee County,114260800
MI,Gladwin County,1878500
MI,Gogebic County,1516700
MI,Grand Traverse County,21629400
MI,Gratiot County,4179600
MI,Hillsdale County,5812600
MI,Houghton County,3331300
MI,Huron County,4979000
MI,Ingham County,124009200
MI,Ionia County,8894200
MI,Iosco County,3001600
MI,Iron County,1133600
MI,Isabella County,13746100
MI,Jackson County,41383700
MI,Kalamazoo County,92956200
MI,Kalkaska County,1602100
MI,Kent County,300058200
MI,Keweenaw County,107700
MI,Lake County,741600
MI,Lapeer County,19458400
MI,Leelanau County,1489000
MI,Lenawee County,16512800
MI,Livingston County,42280300
MI,Luce County,413800
MI,Mackinac County,1888200
MI,Macomb County,294035400
MI,Manistee County,3502100
MI,Marquette County,11309700
MI,Mason County,5270500
MI,Mecosta County,6167300
MI,Menominee County,2444800
MI,Midland County,14807400
MI,Missaukee County,537200
MI,Monroe County,38464400
MI,Montcalm County,7791000
MI,Montmorency County,594100
MI,Muskegon County,48678800
MI,Newaygo County,4103700
MI,Oakland County,513770800
MI,Oceana County,2735000
MI,Ogemaw County,2423700
MI,Ontonagon County,550300
MI,Osceola County,2561600
MI,Oscoda County,816000
MI,Otsego County,5326400
MI,Ottawa County,86497300
MI,Presque Isle County,844300
MI,Roscommon County,3744100
MI,Saginaw County,43803500
MI,Sanilac County,3837200
MI,Schoolcraft County,632000
MI,Shiawassee County,9614800
MI,St. Clair County,28095200
MI,St. Joseph County,12754300
MI,Tuscola County,4650800
MI,Van Buren County,9555400
MI,Washtenaw County,141698500
MI,Wayne County,713932900
MI,Wexford County,5719800
MN,Aitkin County,918300
MN,Anoka County,95721200
MN,Becker County,4768000
MN,Beltrami County,5695700
MN,Benton County,14099700
MN,Big Stone County,501800
MN,Blue Earth County,22335600
MN,Brown County,3523400
MN,Carlton County,4668500
MN,Carver County,28458700
MN,Cass County,2642300
MN,Chippewa County,2397800
MN,Chisago County,9306700
MN,Clay County,11010200
MN,Clearwater County,351400
MN,Cook County,685500
MN,Cottonwood County,1427700
MN,Crow Wing County,12834300
MN,Dakota County,156384600
MN,Dodge County,1855700
MN,Douglas County,6951000
MN,Faribault County,1573400
MN,Fillmore County,1220400
MN,Freeborn County,5448700
MN,Goodhue County,6359600
MN,Grant County,405700
MN,Hennepin County,662862300
MN,Houston County,615800
MN,Hubbard County,2495200
MN,Isanti County,7056600
MN,Itasca County,6970200
MN,Jackson County,1757600
MN,Kanabec County,1914700
MN,Kandiyohi County,8040200
MN,Kittson County,238600
MN,Koochiching County,1878900
MN,Lac qui Parle County,529600
MN,Lake County,1383200
MN,Lake of the Woods County,430800
MN,Le Sueur County,4831600
MN,Lincoln County,154700
MN,Lyon County,3867300
MN,Mahnomen County,303200
MN,Marshall County,329500
MN,Martin County,3090600
MN,McLeod County,10750100
MN,Meeker County,2957900
MN,Mille Lacs County,3283500
MN,Morrison County,3426300
MN,Mower County,5379400
MN,Murray County,193600
MN,Nicollet County,4308100
MN,Nobles County,2250300
MN,Norman County,343900
MN,Olmsted County,43586000
MN,Otter Tail County,7708400
MN,Pennington County,5365900
MN,Pine County,2975200
MN,Pipestone County,1049100
MN,Polk County,4598900
MN,Pope County,866500
MN,Ramsey County,244999200
MN,Red Lake County,212600
MN,Redwood County,1168000
MN,Renville County,948700
MN,Rice County,17496200
MN,Rock County,805200
MN,Roseau County,1636800
MN,Scott County,43686200
MN,Sherburne County,19907300
MN,Sibley County,2047000
MN,St. Louis County,49308400
MN,Stearns County,57581600
MN,Steele County,11334500
MN,Stevens County,876300
MN,Swift County,954000
MN,Todd County,1721900
MN,Traverse County,249800
MN,Wabasha County,1444700
MN,Wadena County,1401100
MN,Waseca County,3191200
MN,Washington County,58854400
MN,Watonwan County,1170100
MN,Wilkin County,281100
MN,Winona County,8073800
MN,Wright County,29556900
MN,Yellow Medicine County,424400
MO,Adair County,3215800
MO,Andrew County,767600
MO,Atchison County,331300
MO,Audrain County,3703200
MO,Barry County,3606300
MO,Barton County,2031000
MO,Bates County,1335500
MO,Benton County,1175300
MO,Bollinger County,197900
MO,Boone County,39242700
MO,Buchanan County,22834800
MO,Butler County,7858900
MO,Caldwell County,305800
MO,Callaway County,6613700
MO,Camden County,8437800
MO,Cape Girardeau County,15700800
MO,Carroll County,886100
MO,Carter County,174300
MO,Cass County,15497500
MO,Cedar County,960000
MO,Chariton County,386800
MO,Christian County,11116400
MO,Clark County,200700
MO,Clay County,104835300
MO,Clinton County,959400
MO,Cole County,16381500
MO,Cooper County,2303700
MO,Crawford County,3450600
MO,Dade County,203300
MO,Dallas County,865600
MO,Daviess County,274400
MO,DeKalb County,1371900
MO,Dent County,1154500
MO,Douglas County,406900
MO,Dunklin County,3739800
MO,Franklin County,21331600
MO,Gasconade County,1804600
MO,Gentry County,510400
MO,Greene County,94992100
MO,Grundy County,963500
MO,Harrison County,785100
MO,Henry County,2772100
MO,Hickory County,259800
MO,Holt County,353700
MO,Howard County,263700
MO,Howell County,4218400
MO,Iron County,542600
MO,Jackson County,377017800
MO,Jasper County,26449100
MO,Jefferson County,26097100
MO,Johnson County,9178200
MO,Knox County,140200
MO,Laclede County,4111300
MO,Lafayette County,3037800
MO,Lawrence County,3766900
MO,Lewis County,337900
MO,Lincoln County,3859900
MO,Linn County,997700
MO,Livingston County,2383600
MO,Macon County,1132000
MO,Madison County,1363900
MO,Maries County,287500
MO,Marion County,3280300
MO,McDonald County,1470800
MO,Mercer County,87500
MO,Miller County,2734900
MO,Mississippi County,620000
MO,Moniteau County,629300
MO,Monroe County,489200
MO,Montgomery County,1400800
MO,Morgan County,1646500
MO,New Madrid County,3847800
MO,Newton County,8694000
MO,Nodaway County,2134300
MO,Oregon County,344500
MO,Osage County,344700
MO,Ozark County,266400
MO,Pemiscot County,1106800
MO,Perry County,1140700
MO,Pettis County,8602900
MO,Phelps County,7804300
MO,Pike County,1679700
MO,Platte County,45777600
MO,Polk County,2998600
MO,Pulaski County,6915900
MO,Putnam County,159600
MO,Ralls County,1913600
MO,Randolph County,4371900
MO,Ray County,1361600
MO,Reynolds County,141000
MO,Ripley County,525000
MO,Saline County,1939200
MO,Schuyler County,78100
MO,Scotland County,133200
MO,Scott County,5656400
MO,Shannon County,182500
MO,Shelby County,323700
MO,St. Charles County,95433300
MO,St. Clair County,301400
MO,St. Francois County,9574000
MO,St. Louis County,406067400
MO,St. Louis city,245550200
MO,Ste. Genevieve County,1298600
MO,Stoddard County,1656700
MO,Stone County,3267500
MO,Sullivan County,480100
MO,Taney County,21649400
MO,Texas County,1137900
MO,Vernon County,2161400
MO,Warren County,5300600
MO,Washington County,818600
MO,Wayne County,352100
MO,Webster County,3248200
MO,Worth County,83500
MO,Wright County,1496400
MS,Adams County,8355200
MS,Alcorn County,4586200
MS,Amite County,392200
MS,Attala County,2134700
MS,Benton County,209600
MS,Bolivar County,3788800
MS,Calhoun County,748000
MS,Carroll County,79900
MS,Chickasaw County,1401300
MS,Choctaw County,490500
MS,Claiborne County,332200
MS,Clarke County,2490600
MS,Clay County,4265000
MS,Coahoma County,3401400
MS,Copiah County,2348100
MS,Covington County,842900
MS,DeSoto County,95829000
MS,Forrest County,20589900
MS,Franklin County,263900
MS,George County,1070400
MS,Greene County,326800
MS,Grenada County,2419900
MS,Hancock County,6681900
MS,Harrison County,55295400
MS,Hinds County,99890900
MS,Holmes County,1089000
MS,Humphreys County,281800
MS,Issaquena County,1400
MS,Itawamba County,1604800
MS,Jackson County,29515400
MS,Jasper County,453600
MS,Jefferson County,106900
MS,Jefferson Davis County,471300
MS,Jones County,8657300
MS,Kemper County,156800
MS,Lafayette County,12981500
MS,Lamar County,14231700
MS,Lauderdale County,14925200
MS,Lawrence County,233000
MS,Leake County,1514100
MS,Lee County,25847500
MS,Leflore County,4370500
MS,Lincoln County,4417800
MS,Lowndes County,12031600
MS,Madison County,35102600
MS,Marion County,2644100
MS,Marshall County,18769700
MS,Monroe County,3708100
MS,Montgomery County,422700
MS,Neshoba County,1740600
MS,Newton County,915500
MS,Noxubee County,623700
MS,Oktibbeha County,12776600
MS,Panola County,7537500
MS,Pearl River County,3927300
MS,Perry County,316200
MS,Pike County,7855000
MS,Pontotoc County,4793000
MS,Prentiss County,2104400
MS,Quitman County,428700
MS,Rankin County,37994100
MS,Scott County,2324300
MS,Sharkey County,152800
MS,Simpson County,1607400
MS,Smith County,781300
MS,Stone County,2336500
MS,Sunflower County,4198100
MS,Tallahatchie County,262100
MS,Tate County,3762000
MS,Tippah County,2110800
MS,Tishomingo County,1906500
MS,Tunica County,12112100
MS,Union County,4472200
MS,Walthall County,385700
MS,Warren County,12862100
MS,Washington County,8488700
MS,Wayne County,778200
MS,Webster County,1439700
MS,Wilkinson County,1077300
MS,Winston County,1267800
MS,Yalobusha County,719000
MS,Yazoo County,1192000
MT,Beaverhead County,1292000
MT,Big Horn County,738500
MT,Blaine County,179100
MT,Broadwater County,341100
MT,Carbon County,833900
MT,Carter County,16200
MT,Cascade County,17654200
MT,Chouteau County,215200
MT,Custer County,1115600
MT,Daniels County,56500
MT,Dawson County,1593400
MT,Deer Lodge County,604000
MT,Fallon County,224600
MT,Fergus County,675800
MT,Flathead County,14379500
MT,Gallatin County,17573300
MT,Garfield County,10600
MT,Glacier County,625200
MT,Golden Valley County,9500
MT,Granite County,538800
MT,Hill County,1437200
MT,Jefferson County,245300
MT,Judith Basin County,37900
MT,Lake County,2176000
MT,Lewis and Clark County,10143300
MT,Liberty County,45900
MT,Lincoln County,1321600
MT,Madison County,845400
MT,McCone County,79900
MT,Meagher County,70300
MT,Mineral County,911100
MT,Missoula County,20428800
MT,Musselshell County,176100
MT,Park County,1890600
MT,Petroleum County,6200
MT,Phillips County,240400
MT,Pondera County,326900
MT,Powder River County,33500
MT,Powell County,350000
MT,Prairie County,14000
MT,Ravalli County,3427600
MT,Richland County,1566900
MT,Roosevelt County,237300
MT,Rosebud County,346700
MT,Sanders County,940800
MT,Sheridan County,191800
MT,Silver Bow County,5319200
MT,Stillwater County,416700
MT,Sweet Grass County,204600
MT,Teton County,174500
MT,Toole County,542200
MT,Treasure County,15600
MT,Valley County,394600
MT,Wheatland County,106700
MT,Wibaux County,214400
MT,Yellowstone County,35683100
NC,Alamance County,61005200
NC,Alexander County,4334400
NC,Alleghany County,1762500
NC,Anson County,3836400
NC,Ashe County,4354500
NC,Avery County,1815300
NC,Beaufort County,5501800
NC,Bertie County,827800
NC,Bladen County,3588500
NC,Brunswick County,23424800
NC,Buncombe County,92296900
NC,Burke County,17379300
NC,Cabarrus County,70450600
NC,Caldwell County,18151400
NC,Camden County,280600
NC,Carteret County,14168700
NC,Caswell County,1234000
NC,Catawba County,65936400
NC,Chatham County,9531300
NC,Cherokee County,3578100
NC,Chowan County,1883500
NC,Clay County,894800
NC,Cleveland County,28177600
NC,Columbus County,11038700
NC,Craven County,17385900
NC,Cumberland County,90492700
NC,Currituck County,5409100
NC,Dare County,5557700
NC,Davidson County,42199500
NC,Davie County,14222700
NC,Duplin County,7939100
NC,Durham County,161013700
NC,Edgecombe County,12097600
NC,Forsyth County,166888500
NC,Franklin County,8573400
NC,Gaston County,67441400
NC,Gates County,433000
NC,Graham County,1115200
NC,Granville County,8985100
NC,Greene County,763000
NC,Guilford County,279710800
NC,Halifax County,6687200
NC,Harnett County,15517500
NC,Haywood County,8721200
NC,Henderson County,21099800
NC,Hertford County,3670900
NC,Hoke County,4102500
NC,Hyde County,215400
NC,Iredell County,65282000
NC,Jackson County,6368900
NC,Johnston County,42121100
NC,Jones County,364700
NC,Lee County,19557100
NC,Lenoir County,16140100
NC,Lincoln County,21299300
NC,Macon County,4201000
NC,Madison County,893200
NC,Martin County,4216500
NC,McDowell County,9407200
NC,Mecklenburg County,599457200
NC,Mitchell County,3199900
NC,Montgomery County,2956900
NC,Moore County,13355800
NC,Nash County,23348500
NC,New Hanover County,95370000
NC,Northampton County,2293500
NC,Onslow County,29462700
NC,Orange County,38676900
NC,Pamlico County,496000
NC,Pasquotank County,7325300
NC,Pender County,7965300
NC,Perquimans County,553900
NC,Person County,6668300
NC,Pitt County,46865200
NC,Polk County,3444200
NC,Randolph County,41331100
NC,Richmond County,7829100
NC,Robeson County,25984700
NC,Rockingham County,22727400
NC,Rowan County,30952400
NC,Rutherford County,12239300
NC,Sampson County,9880500
NC,Scotland County,10137700
NC,Stanly County,11065900
NC,Stokes County,2589100
NC,Surry County,16204200
NC,Swain County,1757300
NC,Transylvania County,3111600
NC,Tyrrell County,153700
NC,Union County,40048800
NC,Vance County,10287400
NC,Wake County,411649300
NC,Warren County,831400
NC,Washington County,1005800
NC,Watauga County,15271100
NC,Wayne County,21195600
NC,Wilkes County,10186600
NC,Wilson County,18762700
NC,Yadkin County,5551600
NC,Yancey County,1656000
ND,Adams County,130000
ND,Barnes County,1186600
ND,Benson County,82800
ND,Billings County,34500
ND,Bottineau County,568400
ND,Bowman County,311000
ND,Burke County,203000
ND,Burleigh County,20737000
ND,Cass County,70266400
ND,Cavalier County,180800
ND,Dickey County,499400
ND,Divide County,56800
ND,Dunn County,3362100
ND,Eddy County,105500
ND,Emmons County,142200
ND,Foster County,279800
ND,Golden Valley County,187100
ND,Grand Forks County,20661500
ND,Grant County,34200
ND,Griggs County,129900
ND,Hettinger County,60600
ND,Kidder County,101100
ND,LaMoure County,178100
ND,Logan County,15800
ND,McHenry County,133600
ND,McIntosh County,99000
ND,McKenzie County,5621700
ND,McLean County,525300
ND,Mercer County,561600
ND,Morton County,4277600
ND,Mountrail County,1620700
ND,Nelson County,132700
ND,Oliver County,7300
ND,Pembina County,535200
ND,Pierce County,268200
ND,Ramsey County,1607500
ND,Ransom County,256800
ND,Renville County,107300
ND,Richland County,2951100
ND,Rolette County,484900
ND,Sargent County,263500
ND,Sheridan County,114500
ND,Sioux County,25200
ND,Slope County,3100
ND,Stark County,7935100
ND,Steele County,22300
ND,Stutsman County,2891900
ND,Towner County,32800
ND,Traill County,743300
ND,Walsh County,1106900
ND,Ward County,20729500
ND,Wells County,944600
ND,Williams County,18585000
NE,Adams County,4331300
NE,Antelope County,194600
NE,Banner County,6500
NE,Boone County,288600
NE,Box Butte County,916100
NE,Boyd County,35700
NE,Brown County,263700
NE,Buffalo County,9390600
NE,Burt County,345400
NE,Butler County,210600
NE,Cass County,2364800
NE,Cedar County,396000
NE,Chase County,131000
NE,Cherry County,269900
NE,Cheyenne County,3326700
NE,Clay County,154300
NE,Colfax County,182500
NE,Cuming County,488100
NE,Custer County,613300
NE,Dakota County,3686000
NE,Dawes County,1468800
NE,Dawson County,3532700
NE,Deuel County,78500
NE,Dixon County,1219900
NE,Dodge County,7483800
NE,Douglas County,254131000
NE,Dundy County,23300
NE,Fillmore County,555400
NE,Franklin County,53800
NE,Frontier County,51300
NE,Furnas County,401800
NE,Gage County,3197000
NE,Garden County,93600
NE,Garfield County,77200
NE,Gosper County,17100
NE,Grant County,16500
NE,Greeley County,35600
NE,Hall County,11535200
NE,Hamilton County,541100
NE,Harlan County,227900
NE,Hayes County,1400
NE,Hitchcock County,114200
NE,Holt County,603000
NE,Hooker County,11200
NE,Howard County,140800
NE,Jefferson County,489100
NE,Johnson County,160500
NE,Kearney County,260800
NE,Keith County,1071600
NE,Keya Paha County,2400
NE,Kimball County,241900
NE,Knox County,825500
NE,Lancaster County,119281100
NE,Lincoln County,5777900
NE,Logan County,5000
NE,Madison County,8870800
NE,McPherson County,3400
NE,Merrick County,528200
NE,Morrill County,98900
NE,Nance County,75800
NE,Nemaha County,885500
NE,Nuckolls County,225900
NE,Otoe County,2172700
NE,Pawnee County,99500
NE,Perkins County,44000
NE,Phelps County,1169900
NE,Pierce County,175200
NE,Platte County,5326900
NE,Polk County,193400
NE,Red Willow County,1903600
NE,Richardson County,643100
NE,Rock County,19300
NE,Saline County,1708600
NE,Sarpy County,59591400
NE,Saunders County,1266700
NE,Scotts Bluff County,4633600
NE,Seward County,1447900
NE,Sheridan County,183100
NE,Sherman County,81900
NE,Sioux County,12500
NE,Stanton County,58500
NE,Thayer County,170900
NE,Thomas County,41100
NE,Thurston County,94200
NE,Valley County,355200
NE,Washington County,4481100
NE,Wayne County,606700
NE,Webster County,91400
NE,Wheeler County,5800
NE,York County,2811100
NH,Belknap County,11374700
NH,Carroll County,7188700
NH,Cheshire County,11725000
NH,Coos County,4116000
NH,Grafton County,15147900
NH,Hillsborough County,134207000
NH,Merrimack County,32980700
NH,Rockingham County,88675200
NH,Strafford County,29198500
NH,Sullivan County,6512000
NJ,Atlantic County,96054300
NJ,Bergen County,301814500
NJ,Burlington County,141770800
NJ,Camden County,163377000
NJ,Cape May County,14939000
NJ,Cumberland County,37837200
NJ,Essex County,280123300
NJ,Gloucester County,92092600
NJ,Hudson County,377238300
NJ,Hunterdon County,31333700
NJ,Mercer County,144932900
NJ,Middlesex County,420892100
NJ,Monmouth County,159369700
NJ,Morris County,177960900
NJ,Ocean County,80606500
NJ,Passaic County,134665200
NJ,Salem County,17434100
NJ,Somerset County,121725100
NJ,Sussex County,17161300
NJ,Union County,189887900
NJ,Warren County,32794200
NM,Bernalillo County,233742500
NM,Catron County,33100
NM,Chaves County,7860600
NM,Cibola County,2359800
NM,Colfax County,1438400
NM,Curry County,5669600
NM,De Baca County,17300
NM,Doa Ana County,36870200
NM,Eddy County,6720900
NM,Grant County,2592500
NM,Guadalupe County,403600
NM,Harding County,10800
NM,Hidalgo County,427000
NM,Lea County,8660000
NM,Lincoln County,3240400
NM,Los Alamos County,2601100
NM,Luna County,3372200
NM,McKinley County,4503600
NM,Mora County,20400
NM,Otero County,6578900
NM,Quay County,944600
NM,Rio Arriba County,1891500
NM,Roosevelt County,1694200
NM,San Juan County,11574200
NM,San Miguel County,2404700
NM,Sandoval County,21620300
NM,Santa Fe County,36646500
NM,Sierra County,1515600
NM,Socorro County,990800
NM,Taos County,3058600
NM,Torrance County,1457700
NM,Union County,214700
NM,Valencia County,12523500
NV,Carson City,17900900
NV,Churchill County,3008800
NV,Clark County,833004900
NV,Douglas County,10896900
NV,Elko County,8270000
NV,Esmeralda County,196800
NV,Eureka County,159000
NV,Humboldt County,1706000
NV,Lander County,512500
NV,Lincoln County,154300
NV,Lyon County,12155300
NV,Mineral County,2320800
NV,Nye County,3793600
NV,Pershing County,519800
NV,Storey County,28156000
NV,Washoe County,216533600
NV,White Pine County,916600
NY,Albany County,161114800
NY,Allegany County,4259700
NY,Bronx County,470894800
NY,Broome County,63671300
NY,Cattaraugus County,11833400
NY,Cayuga County,19992600
NY,Chautauqua County,25120300
NY,Chemung County,25988500
NY,Chenango County,6594700
NY,Clinton County,15766000
NY,Columbia County,16919200
NY,Cortland County,10975100
NY,Delaware County,6509000
NY,Dutchess County,69916700
NY,Erie County,299578100
NY,Essex County,5307900
NY,Franklin County,4176000
NY,Fulton County,17443200
NY,Genesee County,15020400
NY,Greene County,15084700
NY,Hamilton County,503700
NY,Herkimer County,11228000
NY,Jefferson County,39606300
NY,Kings County,811332800
NY,Lewis County,1779500
NY,Livingston County,7757900
NY,Madison County,9195200
NY,Monroe County,306810500
NY,Montgomery County,18807900
NY,Nassau County,252938900
NY,New York County,1822910500
NY,Niagara County,48006500
NY,Oneida County,78465800
NY,Onondaga County,192454200
NY,Ontario County,36606100
NY,Orange County,94816300
NY,Orleans County,6169400
NY,Oswego County,19787800
NY,Otsego County,17324200
NY,Putnam County,13222800
NY,Queens County,560849500
NY,Rensselaer County,44793700
NY,Richmond County,66128800
NY,Rockland County,68821800
NY,Saratoga County,75522100
NY,Schenectady County,54740700
NY,Schoharie County,5144700
NY,Schuyler County,1207500
NY,Seneca County,7883600
NY,St. Lawrence County,15553100
NY,Steuben County,16679600
NY,Suffolk County,341997300
NY,Sullivan County,12164700
NY,Tioga County,5205900
NY,Tompkins County,22974500
NY,Ulster County,38240000
NY,Warren County,26657500
NY,Washington County,11125000
NY,Wayne County,17011000
NY,Westchester County,291763400
NY,Wyoming County,3942000
NY,Yates County,2339300
OH,Adams County,1674800
OH,Allen County,28102600
OH,Ashland County,9861600
OH,Ashtabula County,22534400
OH,Athens County,8226400
OH,Auglaize County,6266200
OH,Belmont County,9047600
OH,Brown County,5188100
OH,Butler County,148869200
OH,Carroll County,3220000
OH,Champaign County,4318700
OH,Clark County,60073500
OH,Clermont County,48515600
OH,Clinton County,9896800
OH,Columbiana County,18353400
OH,Coshocton County,4238300
OH,Crawford County,8641000
OH,Cuyahoga County,636078700
OH,Darke County,8810900
OH,Defiance County,8936600
OH,Delaware County,56296200
OH,Erie County,39805300
OH,Fairfield County,30769000
OH,Fayette County,7789400
OH,Franklin County,671655800
OH,Fulton County,10751400
OH,Gallia County,2937600
OH,Geauga County,22109100
OH,Greene County,58219800
OH,Guernsey County,6430900
OH,Hamilton County,416714000
OH,Hancock County,41826000
OH,Hardin County,3524000
OH,Harrison County,1338300
OH,Henry County,6387900
OH,Highland County,4810200
OH,Hocking County,2352700
OH,Holmes County,3109100
OH,Huron County,18066400
OH,Jackson County,5008300
OH,Jefferson County,10467800
OH,Knox County,6371200
OH,Lake County,84381100
OH,Lawrence County,12498000
OH,Licking County,54064800
OH,Logan County,7674100
OH,Lorain County,90708900
OH,Lucas County,210520300
OH,Madison County,21879600
OH,Mahoning County,81469100
OH,Marion County,15919500
OH,Medina County,50574800
OH,Meigs County,801300
OH,Mercer County,5310000
OH,Miami County,25339500
OH,Monroe County,1184100
OH,Montgomery County,271454600
OH,Morgan County,1268700
OH,Morrow County,2018700
OH,Muskingum County,19142500
OH,Noble County,775200
OH,Ottawa County,7691600
OH,Paulding County,1566600
OH,Perry County,1822600
OH,Pickaway County,15745100
OH,Pike County,5190700
OH,Portage County,54187800
OH,Preble County,5099000
OH,Putnam County,10405600
OH,Richland County,45753000
OH,Ross County,11327600
OH,Sandusky County,16189400
OH,Scioto County,14030400
OH,Seneca County,21380200
OH,Shelby County,11868100
OH,Stark County,125001800
OH,Summit County,239415500
OH,Trumbull County,70762800
OH,Tuscarawas County,16081200
OH,Union County,19807900
OH,Van Wert County,5340600
OH,Vinton County,1373700
OH,Warren County,68697000
OH,Washington County,16692700
OH,Wayne County,21036200
OH,Williams County,6710600
OH,Wood County,69864700
OH,Wyandot County,4655400
OK,Adair County,1286600
OK,Alfalfa County,159100
OK,Atoka County,549900
OK,Beaver County,71400
OK,Beckham County,2710900
OK,Blaine County,994600
OK,Bryan County,6152800
OK,Caddo County,2840700
OK,Canadian County,26292800
OK,Carter County,10962500
OK,Cherokee County,5580000
OK,Choctaw County,1419400
OK,Cimarron County,43500
OK,Cleveland County,67111300
OK,Coal County,95700
OK,Comanche County,25325900
OK,Cotton County,186600
OK,Craig County,1806100
OK,Creek County,14938100
OK,Custer County,4571800
OK,Delaware County,3853500
OK,Dewey County,75600
OK,Ellis County,119600
OK,Garfield County,9389900
OK,Garvin County,2925700
OK,Grady County,7385100
OK,Grant County,76200
OK,Greer County,129400
OK,Harmon County,74300
OK,Harper County,61800
OK,Haskell County,347400
OK,Hughes County,734500
OK,Jackson County,4629600
OK,Jefferson County,220100
OK,Johnston County,831500
OK,Kay County,7103200
OK,Kingfisher County,1370000
OK,Kiowa County,1360300
OK,Latimer County,692600
OK,Le Flore County,2805000
OK,Lincoln County,1670100
OK,Logan County,5146300
OK,Love County,2348200
OK,Major County,319800
OK,Marshall County,1421800
OK,Mayes County,7813500
OK,McClain County,5280400
OK,McCurtain County,3763000
OK,McIntosh County,1423700
OK,Murray County,1608500
OK,Muskogee County,17829400
OK,Noble County,1003900
OK,Nowata County,399500
OK,Okfuskee County,428000
OK,Oklahoma County,373884300
OK,Okmulgee County,3815900
OK,Osage County,3700800
OK,Ottawa County,5150300
OK,Pawnee County,1406900
OK,Payne County,19121900
OK,Pittsburg County,4626100
OK,Pontotoc County,3855900
OK,Pottawatomie County,12957900
OK,Pushmataha County,369000
OK,Roger Mills County,33600
OK,Rogers County,16905700
OK,Seminole County,1667600
OK,Sequoyah County,3107000
OK,Stephens County,7523500
OK,Texas County,1588000
OK,Tillman County,313100
OK,Tulsa County,316218800
OK,Wagoner County,7875900
OK,Washington County,15215300
OK,Washita County,465000
OK,Woods County,685000
OK,Woodward County,3182300
OR,Baker County,1769500
OR,Benton County,23648400
OR,Clackamas County,104007200
OR,Clatsop County,7336000
OR,Columbia County,5859700
OR,Coos County,7041300
OR,Crook County,3948400
OR,Curry County,3157900
OR,Deschutes County,36201400
OR,Douglas County,20979100
OR,Gilliam County,176400
OR,Grant County,581000
OR,Harney County,1129000
OR,Hood River County,2885100
OR,Jackson County,35561000
OR,Jefferson County,2085100
OR,Josephine County,6895700
OR,Klamath County,8418100
OR,Lake County,550100
OR,Lane County,118393300
OR,Lincoln County,7119600
OR,Linn County,31530800
OR,Malheur County,7999900
OR,Marion County,96115400
OR,Morrow County,1369500
OR,Multnomah County,416172400
OR,Polk County,10509500
OR,Sherman County,398100
OR,Tillamook County,3211500
OR,Umatilla County,9089500
OR,Union County,3180100
OR,Wallowa County,691000
OR,Wasco County,4403100
OR,Washington County,206060900
OR,Wheeler County,27900
OR,Yamhill County,19103000
PA,Adams County,13906800
PA,Allegheny County,520373200
PA,Armstrong County,5884300
PA,Beaver County,36980600
PA,Bedford County,6661300
PA,Berks County,119143200
PA,Blair County,25758900
PA,Bradford County,6849000
PA,Bucks County,180303500
PA,Butler County,50669300
PA,Cambria County,20697800
PA,Cameron County,357200
PA,Carbon County,8333100
PA,Centre County,43318200
PA,Chester County,151275300
PA,Clarion County,5012000
PA,Clearfield County,14392600
PA,Clinton County,9574000
PA,Columbia County,19774300
PA,Crawford County,9924900
PA,Cumberland County,124408200
PA,Dauphin County,115001900
PA,Delaware County,127594000
PA,Elk County,5777800
PA,Erie County,77911200
PA,Fayette County,17432800
PA,Forest County,365500
PA,Franklin County,49361100
PA,Fulton County,1193900
PA,Greene County,3384900
PA,Huntingdon County,3791700
PA,Indiana County,14914700
PA,Jefferson County,4678600
PA,Juniata County,1602600
PA,Lackawanna County,74649900
PA,Lancaster County,154989700
PA,Lawrence County,22305000
PA,Lebanon County,31935500
PA,Lehigh County,163238000
PA,Luzerne County,123785800
PA,Lycoming County,45710300
PA,McKean County,4903200
PA,Mercer County,32965100
PA,Mifflin County,5461100
PA,Monroe County,34100400
PA,Montgomery County,306478600
PA,Montour County,12042600
PA,Northampton County,105048700
PA,Northumberland County,27500600
PA,Perry County,2541000
PA,Philadelphia County,582655100
PA,Pike County,3849400
PA,Potter County,1176600
PA,Schuylkill County,37643900
PA,Snyder County,8260100
PA,Somerset County,9527200
PA,Sullivan County,423400
PA,Susquehanna County,1875000
PA,Tioga County,7260000
PA,Union County,12316500
PA,Venango County,9101400
PA,Warren County,3281300
PA,Washington County,45695100
PA,Wayne County,4625000
PA,Westmoreland County,82719400
PA,Wyoming County,3695900
PA,York County,136904000
RI,Bristol County,7425700
RI,Kent County,49813700
RI,Newport County,17025800
RI,Providence County,196207100
RI,Washington County,24626500
SC,Abbeville County,4567300
SC,Aiken County,41759100
SC,Allendale County,1523300
SC,Anderson County,58384300
SC,Bamberg County,1586500
SC,Barnwell County,3771300
SC,Beaufort County,37144500
SC,Berkeley County,77108100
SC,Calhoun County,1671200
SC,Charleston County,197694000
SC,Cherokee County,15513200
SC,Chester County,11180100
SC,Chesterfield County,6241800
SC,Clarendon County,4426300
SC,Colleton County,5425900
SC,Darlington County,10864200
SC,Dillon County,8518600
SC,Dorchester County,34109900
SC,Edgefield County,3516800
SC,Fairfield County,3860200
SC,Florence County,48383100
SC,Georgetown County,14512900
SC,Greenville County,233768700
SC,Greenwood County,14770600
SC,Hampton County,2149100
SC,Horry County,139163300
SC,Jasper County,9237000
SC,Kershaw County,15104700
SC,Lancaster County,19283900
SC,Laurens County,19640000
SC,Lee County,1681300
SC,Lexington County,75217000
SC,Marion County,9557300
SC,Marlboro County,4777300
SC,McCormick County,363900
SC,Newberry County,7104600
SC,Oconee County,13571100
SC,Orangeburg County,28368000
SC,Pickens County,30095000
SC,Richland County,158873600
SC,Saluda County,1225300
SC,Spartanburg County,173679300
SC,Sumter County,24552100
SC,Union County,5904500
SC,Williamsburg County,3542100
SC,York County,83758100
SD,Aurora County,94100
SD,Beadle County,2509700
SD,Bennett County,92700
SD,Bon Homme County,197800
SD,Brookings County,4298500
SD,Brown County,6694100
SD,Brule County,290000
SD,Buffalo County,10000
SD,Butte County,1014400
SD,Campbell County,22000
SD,Charles Mix County,264400
SD,Clark County,81500
SD,Clay County,2259300
SD,Codington County,4915400
SD,Corson County,38700
SD,Custer County,720300
SD,Davison County,4544600
SD,Day County,244500
SD,Deuel County,230200
SD,Dewey County,91900
SD,Douglas County,86400
SD,Edmunds County,164600
SD,Fall River County,900900
SD,Faulk County,29800
SD,Grant County,565900
SD,Gregory County,74700
SD,Haakon County,108400
SD,Hamlin County,82400
SD,Hand County,105500
SD,Hanson County,2600
SD,Harding County,14200
SD,Hughes County,2787800
SD,Hutchinson County,160600
SD,Hyde County,20800
SD,Jackson County,163000
SD,Jerauld County,53000
SD,Jones County,39800
SD,Kingsbury County,182700
SD,Lake County,1435500
SD,Lawrence County,3940600
SD,Lincoln County,12568100
SD,Lyman County,121900
SD,Marshall County,50400
SD,McCook County,370800
SD,McPherson County,61900
SD,Meade County,2941300
SD,Miner County,169700
SD,Minnehaha County,56895800
SD,Moody County,152000
SD,Oglala Lakota County,92200
SD,Pennington County,26575300
SD,Perkins County,146800
SD,Potter County,110800
SD,Roberts County,305500
SD,Sanborn County,65700
SD,Spink County,274600
SD,Stanley County,209000
SD,Sully County,60900
SD,Todd County,342000
SD,Tripp County,409100
SD,Turner County,332200
SD,Union County,5270300
SD,Walworth County,1404600
SD,Yankton County,3723500
SD,Ziebach County,25000
TN,Anderson County,26134400
TN,Bedford County,8113200
TN,Benton County,1145700
TN,Bledsoe County,539300
TN,Blount County,33455800
TN,Bradley County,31690500
TN,Campbell County,5277500
TN,Cannon County,583600
TN,Carroll County,6864600
TN,Carter County,5240700
TN,Cheatham County,4904500
TN,Chester County,1088600
TN,Claiborne County,5922800
TN,Clay County,2260800
TN,Cocke County,3921500
TN,Coffee County,9195100
TN,Crockett County,838600
TN,Cumberland County,8332200
TN,Davidson County,441161000
TN,DeKalb County,2696300
TN,Decatur County,826300
TN,Dickson County,9312500
TN,Dyer County,7055100
TN,Fayette County,8237100
TN,Fentress County,1410500
TN,Franklin County,3432700
TN,Gibson County,9105100
TN,Giles County,5068600
TN,Grainger County,872100
TN,Greene County,16494600
TN,Grundy County,498400
TN,Hamblen County,17635800
TN,Hamilton County,146777900
TN,Hancock County,188000
TN,Hardeman County,3222300
TN,Hardin County,2228100
TN,Hawkins County,5564300
TN,Haywood County,2775800
TN,Henderson County,3727300
TN,Henry County,3585100
TN,Hickman County,1531400
TN,Houston County,453900
TN,Humphreys County,2176300
TN,Jackson County,400600
TN,Jefferson County,6705600
TN,Johnson County,1024200
TN,Knox County,216221800
TN,Lake County,864900
TN,Lauderdale County,2773800
TN,Lawrence County,6780600
TN,Lewis County,650400
TN,Lincoln County,4599600
TN,Loudon County,11883900
TN,Macon County,1704500
TN,Madison County,36072100
TN,Marion County,3244200
TN,Marshall County,5651900
TN,Maury County,27807300
TN,McMinn County,11757800
TN,McNairy County,2725400
TN,Meigs County,640300
TN,Monroe County,9446000
TN,Montgomery County,45147300
TN,Moore County,126300
TN,Morgan County,1670000
TN,Obion County,8039100
TN,Overton County,1492000
TN,Perry County,427000
TN,Pickett County,312800
TN,Polk County,857500
TN,Putnam County,14425000
TN,Rhea County,4289400
TN,Roane County,9919100
TN,Robertson County,19666500
TN,Rutherford County,111840900
TN,Scott County,1634100
TN,Sequatchie County,2036700
TN,Sevier County,37749800
TN,Shelby County,499477200
TN,Smith County,2762800
TN,Stewart County,1008400
TN,Sullivan County,41299300
TN,Sumner County,47212200
TN,Tipton County,9650600
TN,Trousdale County,1187500
TN,Unicoi County,1674400
TN,Union County,1614500
TN,Van Buren County,199600
TN,Warren County,6486700
TN,Washington County,29717200
TN,Wayne County,725000
TN,Weakley County,3498700
TN,White County,3145800
TN,Williamson County,69147100
TN,Wilson County,67021900
TX,Anderson County,7232600
TX,Andrews County,1217000
TX,Angelina County,13904800
TX,Aransas County,5428500
TX,Archer County,234000
TX,Armstrong County,12800
TX,Atascosa County,5339400
TX,Austin County,4516000
TX,Bailey County,784400
TX,Bandera County,1216800
TX,Bastrop County,9096400
TX,Baylor County,131200
TX,Bee County,3920700
TX,Bell County,59450700
TX,Bexar County,631221900
TX,Blanco County,1134800
TX,Borden County,700
TX,Bosque County,988200
TX,Bowie County,23797300
TX,Brazoria County,66230800
TX,Brazos County,66712400
TX,Brewster County,1135200
TX,Briscoe County,54200
TX,Brooks County,637000
TX,Brown County,6042900
TX,Burleson County,1174100
TX,Burnet County,6617600
TX,Caldwell County,3749000
TX,Calhoun County,2530700
TX,Callahan County,442700
TX,Cameron County,66667800
TX,Camp County,656600
TX,Carson County,195300
TX,Cass County,2470100
TX,Castro County,378500
TX,Chambers County,23800000
TX,Cherokee County,6022500
TX,Childress County,987000
TX,Clay County,362600
TX,Cochran County,194400
TX,Coke County,260800
TX,Coleman County,650700
TX,Collin County,387892200
TX,Collingsworth County,88500
TX,Colorado County,2547000
TX,Comal County,46307400
TX,Comanche County,710800
TX,Concho County,124800
TX,Cooke County,4943800
TX,Coryell County,6146000
TX,Cottle County,17200
TX,Crane County,110700
TX,Crockett County,442400
TX,Crosby County,2863600
TX,Culberson County,391800
TX,Dallam County,477000
TX,Dallas County,1505328800
TX,Dawson County,493100
TX,DeWitt County,2244200
TX,Deaf Smith County,2181400
TX,Delta County,377800
TX,Denton County,300411500
TX,Dickens County,53600
TX,Dimmit County,11918500
TX,Donley County,181500
TX,Duval County,277700
TX,Eastland County,1949100
TX,Ector County,34205800
TX,Edwards County,47000
TX,El Paso County,233333000
TX,Ellis County,50902300
TX,Erath County,6507400
TX,Falls County,956300
TX,Fannin County,3238700
TX,Fayette County,2746300
TX,Fisher County,107100
TX,Floyd County,652900
TX,Foard County,47500
TX,Fort Bend County,143395800
TX,Franklin County,879200
TX,Freestone County,913100
TX,Frio County,1667800
TX,Gaines County,936100
TX,Galveston County,74013300
TX,Garza County,480300
TX,Gillespie County,3421100
TX,Glasscock County,9500
TX,Goliad County,432200
TX,Gonzales County,2270700
TX,Gray County,3633800
TX,Grayson County,30261400
TX,Gregg County,35856200
TX,Grimes County,2971100
TX,Guadalupe County,26723800
TX,Hale County,22493400
TX,Hall County,114800
TX,Hamilton County,942500
TX,Hansford County,141100
TX,Hardeman County,161500
TX,Hardin County,4997800
TX,Harris County,2001257800
TX,Harrison County,9464900
TX,Hartley County,290800
TX,Haskell County,581300
TX,Hays County,61038200
TX,Hemphill County,330900
TX,Henderson County,8853700
TX,Hidalgo County,125889600
TX,Hill County,6120200
TX,Hockley County,2200200
TX,Hood County,8588300
TX,Hopkins County,4980400
TX,Houston County,2611500
TX,Howard County,5518400
TX,Hudspeth County,105900
TX,Hunt County,20411000
TX,Hutchinson County,1836800
TX,Irion County,11900
TX,Jack County,345100
TX,Jackson County,896400
TX,Jasper County,3390400
TX,Jeff Davis County,87600
TX,Jefferson County,72705000
TX,Jim Hogg County,229100
TX,Jim Wells County,4157600
TX,Johnson County,32392300
TX,Jones County,506900
TX,Karnes County,2159400
TX,Kaufman County,25450200
TX,Kendall County,8454900
TX,Kent County,24700
TX,Kerr County,6894500
TX,Kimble County,720200
TX,Kinney County,24500
TX,Kleberg County,6698300
TX,Knox County,43700
TX,La Salle County,978000
TX,Lamar County,7819100
TX,Lamb County,1663000
TX,Lampasas County,1546700
TX,Lavaca County,988700
TX,Lee County,1584000
TX,Leon County,1902000
TX,Liberty County,17570600
TX,Limestone County,2123700
TX,Lipscomb County,25300
TX,Live Oak County,2253600
TX,Llano County,2120200
TX,Lubbock County,145356000
TX,Lynn County,110200
TX,Madison County,598200
TX,Marion County,647700
TX,Martin County,188100
TX,Mason County,144700
TX,Matagorda County,6871900
TX,Maverick County,4107700
TX,McCulloch County,962000
TX,McLennan County,66315700
TX,McMullen County,73500
TX,Medina County,4621700
TX,Menard County,89900
TX,Midland County,54062700
TX,Milam County,1925200
TX,Mills County,288800
TX,Mitchell County,522400
TX,Montague County,1614700
TX,Montgomery County,152770200
TX,Moore County,1175100
TX,Morris County,2088900
TX,Motley County,38700
TX,Nacogdoches County,11974000
TX,Navarro County,12782700
TX,Newton County,421700
TX,Nolan County,2607500
TX,Nueces County,115975300
TX,Ochiltree County,642300
TX,Oldham County,94900
TX,Orange County,10653500
TX,Palo Pinto County,6172100
TX,Panola County,1684600
TX,Parker County,19877700
TX,Parmer County,272400
TX,Pecos County,1359300
TX,Polk County,2929400
TX,Potter County,37257900
TX,Presidio County,235600
TX,Rains County,890900
TX,Randall County,22524700
TX,Reagan County,235000
TX,Real County,152100
TX,Red River County,758400
TX,Reeves County,1852100
TX,Refugio County,477600
TX,Roberts County,5200
TX,Robertson County,1718100
TX,Rockwall County,19503500
TX,Runnels County,971900
TX,Rusk County,2988900
TX,Sabine County,265000
TX,San Augustine County,406600
TX,San Jacinto County,792000
TX,San Patricio County,16004900
TX,San Saba County,384500
TX,Schleicher County,57100
TX,Scurry County,2008200
TX,Shackelford County,122400
TX,Shelby County,2028100
TX,Sherman County,50800
TX,Smith County,47960900
TX,Somervell County,1029600
TX,Starr County,1919800
TX,Stephens County,752300
TX,Sterling County,28600
TX,Stonewall County,119600
TX,Sutton County,261200
TX,Swisher County,537400
TX,Tarrant County,842247100
TX,Taylor County,30966400
TX,Terrell County,12700
TX,Terry County,964400
TX,Throckmorton County,40600
TX,Titus County,4299400
TX,Tom Green County,21466800
TX,Travis County,560942000
TX,Trinity County,1070200
TX,Tyler County,1295300
TX,Upshur County,1899700
TX,Upton County,48200
TX,Uvalde County,2312600
TX,Val Verde County,4736100
TX,Van Zandt County,3441600
TX,Victoria County,19388800
TX,Walker County,13896200
TX,Waller County,22302700
TX,Ward County,988500
TX,Washington County,6918400
TX,Webb County,65627500
TX,Wharton County,6988000
TX,Wheeler County,377600
TX,Wichita County,32164600
TX,Wilbarger County,1400000
TX,Willacy County,1333800
TX,Williamson County,136889000
TX,Wilson County,2489600
TX,Winkler County,314000
TX,Wise County,7157000
TX,Wood County,2667100
TX,Yoakum County,216100
TX,Young County,2118600
TX,Zapata County,597800
TX,Zavala County,740100
UT,Beaver County,426100
UT,Box Elder County,8654100
UT,Cache County,18091700
UT,Carbon County,2255800
UT,Daggett County,42600
UT,Davis County,69245100
UT,Duchesne County,1073900
UT,Emery County,966100
UT,Garfield County,598100
UT,Grand County,1995100
UT,Iron County,7684100
UT,Juab County,872700
UT,Kane County,668100
UT,Millard County,712500
UT,Morgan County,681400
UT,Piute County,83200
UT,Rich County,83300
UT,Salt Lake County,460597000
UT,San Juan County,869300
UT,Sanpete County,1269300
UT,Sevier County,1690800
UT,Summit County,16086200
UT,Tooele County,9738000
UT,Uintah County,4017500
UT,Utah County,125664700
UT,Wasatch County,4434600
UT,Washington County,27454400
UT,Wayne County,236700
UT,Weber County,70536400
VA,Accomack County,3016100
VA,Albemarle County,25312500
VA,Alexandria city,105633000
VA,Alleghany County,1907800
VA,Amelia County,552000
VA,Amherst County,2697400
VA,Appomattox County,1594700
VA,Arlington County,151368200
VA,Augusta County,11615000
VA,Bath County,1290400
VA,Bedford County,8734200
VA,Bland County,416800
VA,Botetourt County,8232400
VA,Bristol City,80300
VA,Bristol city,11050200
VA,Brunswick County,1105800
VA,Buchanan County,940400
VA,Buckingham County,310900
VA,Buena Vista city,1247600
VA,Campbell County,7481200
VA,Caroline County,4589500
VA,Carroll County,1476800
VA,Charles City County,461500
VA,Charlotte County,918000
VA,Charlottesville city,17553400
VA,Chesapeake city,69212900
VA,Chesterfield County,95002700
VA,Clarke County,2462800
VA,Colonial Heights city,5648100
VA,Covington city,1899900
VA,Craig County,225400
VA,Culpeper County,7118400
VA,Cumberland County,260000
VA,Danville city,23100800
VA,Dickenson County,254100
VA,Dinwiddie County,5192800
VA,Emporia city,2271700
VA,Essex County,1626900
VA,Fairfax County,407083900
VA,Fairfax city,13204300
VA,Falls Church city,8749100
VA,Fauquier County,9411700
VA,Floyd County,719100
VA,Fluvanna County,891400
VA,Franklin County,7939300
VA,Franklin city,2926800
VA,Frederick County,27600000
VA,Fredericksburg city,18650100
VA,Galax city,2631500
VA,Giles County,1653800
VA,Gloucester County,3977100
VA,Goochland County,4998400
VA,Grayson County,700900
VA,Greene County,1897700
VA,Greensville County,1446200
VA,Halifax County,5507200
VA,Hampton City,1000
VA,Hampton city,44223600
VA,Hanover County,30390200
VA,Harrisonburg city,18226900
VA,Henrico County,142854400
VA,Henry County,16987700
VA,Highland County,37200
VA,Hopewell city,3967500
VA,Isle of Wight County,7865000
VA,James City County,21918800
VA,King George County,4138900
VA,King William County,923600
VA,King and Queen County,262400
VA,Lancaster County,1249700
VA,Lee County,725200
VA,Lexington city,643100
VA,Loudoun County,132390100
VA,Louisa County,2411300
VA,Lunenburg County,1156500
VA,Lynchburg City,120000
VA,Lynchburg city,33638800
VA,Madison County,953300
VA,Manassas City,54300
VA,Manassas Park city,3833400
VA,Manassas city,13115600
VA,Martinsville city,6621000
VA,Mathews County,446400
VA,Mecklenburg County,5495200
VA,Middlesex County,614600
VA,Montgomery County,27524800
VA,Nelson County,568200
VA,New Kent County,1803900
VA,Newport News city,85019200
VA,Norfolk City,10400
VA,Norfolk city,93806400
VA,Northampton County,1502700
VA,Northumberland County,271300
VA,Norton city,1362600
VA,Nottoway County,1593000
VA,Orange County,3246300
VA,Page County,2201100
VA,Patrick County,660100
VA,Petersburg city,16145100
VA,Pittsylvania County,4700600
VA,Poquoson city,883400
VA,Portsmouth city,27454900
VA,Powhatan County,1562000
VA,Prince Edward County,3291700
VA,Prince George County,9028500
VA,Prince William County,92648900
VA,Pulaski County,8384900
VA,Radford city,3193000
VA,Rappahannock County,266900
VA,Richmond City,609400
VA,Richmond County,643900
VA,Richmond city,156893200
VA,Roanoke County,23143600
VA,Roanoke city,56457600
VA,Rockbridge County,3552500
VA,Rockingham County,11803000
VA,Russell County,2177200
VA,Salem city,16194900
VA,Scott County,2238100
VA,Shenandoah County,7073000
VA,Smyth County,4702200
VA,Southampton County,1094800
VA,Spotsylvania County,29931200
VA,Stafford County,28886900
VA,Staunton city,6989600
VA,Suffolk City,13300
VA,Suffolk city,38036200
VA,Surry County,305800
VA,Sussex County,736600
VA,Tazewell County,6742700
VA,Virginia Beach city,133474400
VA,Warren County,9100500
VA,Washington County,8983000
VA,Waynesboro city,7174400
VA,Westmoreland County,1648800
VA,Williamsburg city,6584300
VA,Winchester city,16735800
VA,Wise County,2362500
VA,Wythe County,6234900
VA,York County,22283600
VT,Addison County,2469700
VT,Bennington County,5787200
VT,Caledonia County,2323400
VT,Chittenden County,35299700
VT,Essex County,344900
VT,Franklin County,3632800
VT,Grand Isle County,145000
VT,Lamoille County,2042700
VT,Orange County,1729600
VT,Orleans County,2053100
VT,Rutland County,8164900
VT,Washington County,6255400
VT,Windham County,5122500
VT,Windsor County,6576200
WA,Adams County,1592300
WA,Asotin County,1641600
WA,Benton County,38921200
WA,Chelan County,9041500
WA,Clallam County,5943200
WA,Clark County,115427600
WA,Columbia County,631600
WA,Cowlitz County,19409600
WA,Douglas County,3357900
WA,Ferry County,529400
WA,Franklin County,10837900
WA,Garfield County,120700
WA,Grant County,14058800
WA,Grays Harbor County,8573100
WA,Island County,6219100
WA,Jefferson County,2067000
WA,King County,985294700
WA,Kitsap County,43085800
WA,Kittitas County,5145300
WA,Klickitat County,1028200
WA,Lewis County,20823100
WA,Lincoln County,312200
WA,Mason County,3947600
WA,Okanogan County,3285800
WA,Pacific County,2572700
WA,Pend Oreille County,1524100
WA,Pierce County,260264700
WA,San Juan County,1149600
WA,Skagit County,18705700
WA,Skamania County,785000
WA,Snohomish County,188210900
WA,Spokane County,189068800
WA,Stevens County,2470800
WA,Thurston County,72378600
WA,Wahkiakum County,126700
WA,Walla Walla County,7391600
WA,Whatcom County,43216000
WA,Whitman County,8805800
WA,Yakima County,57449400
WI,Adams County,2409500
WI,Ashland County,1945800
WI,Barron County,7592800
WI,Bayfield County,792300
WI,Brown County,108438400
WI,Buffalo County,719100
WI,Burnett County,1002500
WI,Calumet County,8186500
WI,Chippewa County,12313400
WI,Clark County,2740900
WI,Columbia County,13122300
WI,Crawford County,3053900
WI,Dane County,229160100
WI,Dodge County,28163500
WI,Door County,5132300
WI,Douglas County,11781600
WI,Dunn County,16339000
WI,Eau Claire County,31004700
WI,Florence County,291400
WI,Fond du Lac County,25971800
WI,Forest County,449000
WI,Grant County,7011500
WI,Green County,5166500
WI,Green Lake County,2580600
WI,Iowa County,3660800
WI,Iron County,980200
WI,Jackson County,1790000
WI,Jefferson County,26362900
WI,Juneau County,4133500
WI,Kenosha County,83654800
WI,Kewaunee County,2539900
WI,La Crosse County,27097000
WI,Lafayette County,957500
WI,Langlade County,2862200
WI,Lincoln County,4109700
WI,Manitowoc County,18323500
WI,Marathon County,35005800
WI,Marinette County,6855200
WI,Marquette County,3927700
WI,Menominee County,29600
WI,Milwaukee County,436214100
WI,Monroe County,8776100
WI,Oconto County,4134400
WI,Oneida County,9224900
WI,Outagamie County,66917000
WI,Ozaukee County,29840700
WI,Pepin County,579100
WI,Pierce County,6628400
WI,Polk County,7388300
WI,Portage County,17616900
WI,Price County,1633100
WI,Racine County,87014800
WI,Richland County,1554700
WI,Rock County,48175100
WI,Rusk County,2495300
WI,Sauk County,15978800
WI,Sawyer County,2497000
WI,Shawano County,5639800
WI,Sheboygan County,40061400
WI,St  Croix County,1900
WI,St. Croix County,26654300
WI,Taylor County,1852600
WI,Trempealeau County,3771400
WI,Vernon County,1775400
WI,Vilas County,7634500
WI,Walworth County,36422000
WI,Washburn County,1315700
WI,Washington County,43703400
WI,Waukesha County,172738600
WI,Waupaca County,9550900
WI,Waushara County,2802800
WI,Winnebago County,55866100
WI,Wood County,16449400
WV,Barbour County,814800
WV,Berkeley County,32904600
WV,Boone County,1989700
WV,Braxton County,2536800
WV,Brooke County,4809200
WV,Cabell County,50393600
WV,Calhoun County,155600
WV,Clay County,283500
WV,Doddridge County,163700
WV,Fayette County,8232000
WV,Gilmer County,356900
WV,Grant County,336100
WV,Greenbrier County,8723000
WV,Hampshire County,690500
WV,Hancock County,3400100
WV,Hardy County,1542700
WV,Harrison County,13346400
WV,Jackson County,8132400
WV,Jefferson County,9291000
WV,Kanawha County,71878300
WV,Lewis County,1980200
WV,Lincoln County,1442900
WV,Logan County,7057000
WV,Marion County,11696300
WV,Marshall County,2217700
WV,Mason County,2675300
WV,McDowell County,622000
WV,Mercer County,18158500
WV,Mineral County,1739700
WV,Mingo County,1903700
WV,Monongalia County,25937500
WV,Monroe County,303600
WV,Morgan County,1521200
WV,Nicholas County,3663300
WV,Ohio County,11421000
WV,Pendleton County,637400
WV,Pleasants County,383000
WV,Pocahontas County,389400
WV,Preston County,1668800
WV,Putnam County,19478500
WV,Raleigh County,21034400
WV,Randolph County,1924100
WV,Ritchie County,362200
WV,Roane County,1693600
WV,Summers County,372000
WV,Taylor County,1161100
WV,Tucker County,239800
WV,Tyler County,523300
WV,Upshur County,2852500
WV,Wayne County,4487500
WV,Webster County,304500
WV,Wetzel County,1281200
WV,Wirt County,287900
WV,Wood County,31087700
WV,Wyoming County,632700
WY,Albany County,5707300
WY,Big Horn County,804400
WY,Campbell County,6856700
WY,Carbon County,2065600
WY,Converse County,1367600
WY,Crook County,257400
WY,Fremont County,3307500
WY,Goshen County,878000
WY,Hot Springs County,707400
WY,Johnson County,771000
WY,Laramie County,19982900
WY,Lincoln County,1188900
WY,Natrona County,16551900
WY,Niobrara County,146700
WY,Park County,3053600
WY,Platte County,1166200
WY,Sheridan County,3892500
WY,Sublette County,651900
WY,Sweetwater County,6839200
WY,Teton County,3487400
WY,Uinta County,2467000
WY,Washakie County,759500
WY,Weston County,388800
